{
  "baseline": {
    "per_channel_db": [
      3.977329429078625,
      4.863418319546421,
      3.485512067418308,
      3.744975119712364
    ],
    "average_db": 4.01780873393893
  },
  "yours": {
    "per_channel_db": [
      9.684087728962236,
      10.97769624960801,
      9.869922878825289,
      9.947757576561013
    ],
    "average_db": 10.119866108489138
  }
}