{
  "baseline": {
    "per_channel_db": [
      3.977329429078625,
      4.863418319546421,
      3.485512067418308,
      3.744975119712364
    ],
    "average_db": 4.01780873393893
  },
  "yours": {
    "per_channel_db": [
      11.332853872179673,
      12.02262649919585,
      10.006856516678475,
      12.571958471090882
    ],
    "average_db": 11.483573839786219
  }
}